month,day,year
3,8,2011
3,9,2011
3,10,2011
3,11,2011
3,12,2011
3,14,2011
3,8,2012
3,9,2012
3,10,2012
3,12,2012
3,13,2012
3,14,2012
3,8,2013
3,9,2013
3,11,2013
3,12,2013
3,13,2013
3,14,2013
3,8,2014
3,10,2014
3,11,2014
3,12,2014
3,13,2014
3,14,2014
3,9,2015
3,10,2015
3,11,2015
3,12,2015
3,13,2015
3,14,2015
3,8,2016
3,9,2016
3,10,2016
3,11,2016
3,12,2016
3,14,2016
3,8,2017
3,9,2017
3,10,2017
3,11,2017
3,13,2017
3,14,2017
3,8,2018
3,9,2018
3,10,2018
3,12,2018
3,13,2018
3,14,2018
3,8,2019
3,9,2019
3,11,2019
3,12,2019
3,13,2019
3,14,2019
3,9,2020
3,10,2020
3,11,2020
3,12,2020
3,13,2020
3,14,2020
3,8,2021
3,9,2021
3,10,2021
3,11,2021
3,12,2021
3,13,2021
3,8,2022
3,9,2022
3,10,2022
3,11,2022
3,12,2022
3,14,2022
3,8,2023
3,9,2023
3,10,2023
3,11,2023
3,13,2023
3,14,2023
